,DFRobot,Pololu
DFRobot,0.0,0.5199526627948695
Pololu,0.5199526627948695,0.0
