sensor,cal_acc_norm_mean,raw_acc_norm_mean,cal_gyro_norm_mean,raw_gyro_norm_mean
DFRobot,9.84475247777854,9.370048995877687,1.617022857095303,66.24620000887883
Pololu,9.815286303110055,9.339919480370039,0.10888113961756775,7.24276388360465
