sensor_a,sensor_b,band,kl
DFRobot,Pololu,A5,1.8487520177551255
DFRobot,Pololu,D1,0.18014925255529562
DFRobot,Pololu,D2,0.011863237860758168
DFRobot,Pololu,D3,0.3459649786847262
DFRobot,Pololu,D4,0.27555778333955316
DFRobot,Pololu,D5,0.45742870657375845
Pololu,DFRobot,A5,1.8487520177551255
Pololu,DFRobot,D1,0.18014925255529562
Pololu,DFRobot,D2,0.011863237860758168
Pololu,DFRobot,D3,0.3459649786847262
Pololu,DFRobot,D4,0.27555778333955316
Pololu,DFRobot,D5,0.45742870657375845
